"","Region","nombre_region","provincia","Nombre_provincia","Comuna","nombre_comuna","a2002","a2003","a2004","a2005","a2006","a2007","a2008","a2009","a2010","a2011","a2012","a2013","a2014","a2015","a2016","a2017","a2018","a2019","a2020"
"1",5,"V  Valparaíso",56,"San Antonio",5602,"Algarrobo",8909,9041,9163,9278,9391,9507,9627,9748,9876,9994,10119,10246,10359,10474,10588,10700,10820,10938,11032
"2",13,"Región Metropolitana",135,"Melipilla",13502,"Alhué",4604,4687,4761,4840,4914,4999,5086,5185,5266,5363,5454,5540,5631,5728,5816,5916,6002,6084,6179
"3",8,"VIII  Biobío",83,"Biobío",8314,"Alto Biobío",7292,7192,7075,6968,6875,6781,6682,6603,6502,6428,6342,6258,6179,6118,6034,5957,5886,5817,5744
"4",3,"III  Atacama",33,"Huasco",3302,"Alto del Carmen",5021,5084,5165,5238,5327,5422,5534,5640,5754,5863,5975,6076,6194,6305,6412,6519,6624,6736,6829
"5",1,"I  Tarapacá",11,"Iquique",1107,"Alto Hospicio",52055,55299,58704,62314,66125,70184,74531,79163,84039,89182,94594,100226,106078,112142,118413,124872,131512,138319,145285
"6",10,"X  Los Lagos",102,"Chiloé",10202,"Ancud",41405,41721,41992,42223,42425,42607,42804,43016,43233,43418,43569,43695,43832,43978,44128,44249,44373,44476,44568
"7",4,"IV  Coquimbo",41,"Elqui",4103,"Andacollo",10671,10699,10730,10762,10807,10852,10918,10987,11061,11134,11204,11287,11348,11415,11488,11555,11619,11677,11734
"8",9,"IX   Araucanía",92,"Malleco",9201,"Angol",50771,51204,51615,51980,52337,52684,53039,53393,53727,54051,54384,54689,54995,55289,55570,55845,56103,56345,56563
"9",12,"XII  Magallanes y la Antártica",122,"Antártica Chilena",12202,"Antártica",130,133,134,141,145,145,149,157,162,167,172,181,184,192,196,202,210,214,220
"10",2,"II  Antofagasta",21,"Antofagasta",2101,"Antofagasta",307809,312798,317652,322413,327263,332305,337577,343147,348840,354659,360573,366438,372325,378244,384065,389812,395453,400967,406362
"11",8,"VIII  Biobío",83,"Biobío",8302,"Antuco",4058,4046,4044,4037,4029,4031,4017,4022,4008,3991,3986,3969,3962,3945,3926,3906,3891,3858,3842
"12",8,"VIII  Biobío",82,"Arauco",8202,"Arauco",36168,36371,36565,36749,36931,37107,37286,37471,37633,37791,37932,38051,38163,38270,38363,38431,38490,38518,38521
"13",15,"XV  Arica y Parinacota",151,"Arica",15101,"Arica",190686,192896,195302,197936,200824,204063,207639,211437,215348,219387,223486,227553,231611,235677,239710,243701,247663,251548,255390
"14",11,"XI Aysén",112,"Aysén",11201,"Aysén",22999,23351,23705,24053,24405,24779,25165,25563,25949,26313,26652,26994,27316,27644,27965,28283,28595,28914,29212
"15",13,"Región Metropolitana",134,"Maipo",13402,"Buín",65776,66994,68192,69404,70649,71923,73267,74659,76053,77457,78880,80316,81760,83211,84651,86079,87491,88895,90292
"16",8,"VIII  Biobío",84,"Ñuble",8402,"Bulnes",21356,21398,21438,21484,21513,21565,21620,21671,21725,21784,21832,21869,21910,21963,22002,22042,22081,22112,22133
"17",5,"V  Valparaíso",54,"Petorca",5402,"Cabildo",19607,19681,19727,19784,19816,19855,19895,19945,19977,20014,20050,20079,20106,20117,20137,20135,20129,20129,20113
"18",12,"XII  Magallanes y la Antártica",122,"Antártica Chilena",12201,"Cabo de Hornos",2305,2331,2371,2403,2436,2476,2517,2559,2605,2650,2696,2737,2782,2825,2862,2906,2948,2987,3039
"19",8,"VIII  Biobío",83,"Biobío",8303,"Cabrero",26215,26456,26678,26904,27125,27351,27577,27819,28042,28273,28499,28709,28918,29136,29357,29563,29773,29974,30173
"20",2,"II  Antofagasta",22,"El Loa",2201,"Calama",143480,145818,148075,150315,152586,154951,157428,160016,162687,165410,168180,170937,173691,176459,179200,181897,184543,187129,189654
"21",10,"X  Los Lagos",101,"Llanquihue",10102,"Calbuco",32212,32244,32363,32531,32730,32935,33180,33449,33724,33973,34199,34421,34638,34864,35073,35282,35471,35654,35821
"22",3,"III  Atacama",31,"Copiapó",3102,"Caldera",14241,14408,14594,14796,15025,15288,15559,15843,16128,16417,16710,16984,17263,17542,17830,18101,18369,18633,18888
"23",13,"Región Metropolitana",134,"Maipo",13403,"Calera  de Tango",18907,19307,19688,20082,20486,20902,21332,21783,22232,22695,23152,23625,24097,24577,25060,25528,26007,26470,26941
"24",5,"V  Valparaíso",53,"Los Andes",5302,"Calle Larga",10776,11032,11289,11550,11814,12079,12355,12637,12917,13209,13507,13802,14108,14405,14712,15021,15329,15637,15947
"25",15,"XV  Arica y Parinacota",151,"Arica",15102,"Camarones",1255,1120,1019,951,903,863,838,814,803,794,788,779,783,778,778,783,781,791,791
"26",1,"I  Tarapacá",14,"Tamarugal",1402,"Camiña",1318,1316,1318,1308,1303,1304,1301,1296,1299,1303,1298,1295,1297,1293,1278,1277,1272,1268,1262
"27",4,"IV  Coquimbo",42,"Choapa",4202,"Canela",9713,9728,9736,9745,9758,9774,9797,9817,9838,9859,9886,9897,9914,9903,9914,9911,9895,9883,9864
"28",8,"VIII  Biobío",82,"Arauco",8203,"Cañete",32429,32607,32788,32946,33115,33272,33426,33578,33717,33848,33958,34050,34129,34202,34260,34277,34287,34266,34214
"29",9,"IX   Araucanía",91,"Cautín",9102,"Carahue",26643,26683,26711,26719,26728,26716,26718,26718,26697,26686,26668,26637,26606,26562,26515,26467,26406,26341,26276
"30",5,"V  Valparaíso",56,"San Antonio",5603,"Cartagena",17494,17742,17972,18193,18407,18611,18819,19038,19242,19447,19647,19839,20035,20213,20396,20563,20733,20890,21036
"31",5,"V  Valparaíso",51,"Valparaíso",5102,"Casablanca",22677,23126,23583,24029,24481,24936,25399,25878,26363,26854,27348,27834,28338,28831,29333,29826,30316,30805,31296
"32",10,"X  Los Lagos",102,"Chiloé",10201,"Castro",40799,41594,42315,42979,43586,44165,45297,45887,46434,46908,47380,47818,48247,48665,49068,49451,49824,50159,50483
"33",5,"V  Valparaíso",57,"San Felipe de Aconcagua",5702,"Catemu",12561,12675,12800,12906,13005,13105,13221,13329,13443,13550,13659,13766,13863,13960,14062,14151,14229,14317,14389
"34",7,"VII  Maule",72,"Cauquenes",7201,"Cauquenes",42724,42641,42536,42414,42291,42145,42010,41871,41717,41542,41341,41126,40896,40661,40401,40135,39853,39544,39223
"35",13,"Región Metropolitana",131,"Santiago",13102,"Cerrillos",74571,75051,75652,76345,77108,77925,78823,79770,80700,81629,82574,83502,84437,85349,86240,87114,87958,88765,89544
"36",13,"Región Metropolitana",131,"Santiago",13103,"Cerro Navia",153817,154203,154495,154771,155041,155372,155777,156234,156651,157032,157412,157745,158046,158299,158506,158641,158723,158729,158670
"37",10,"X  Los Lagos",104,"Palena",10401,"Chaitén",7448,7497,7510,7455,7288,6982,2485,2519,2619,3221,3316,3423,3533,3740,3967,4176,4394,4605,4817
"38",7,"VII  Maule",72,"Cauquenes",7202,"Chanco",9810,9768,9726,9679,9634,9583,9532,9482,9425,9374,9311,9248,9173,9103,9037,8958,8874,8785,8697
"39",3,"III  Atacama",32,"Chañaral",3201,"Chañaral",14035,13968,13891,13837,13802,13789,13782,13787,13800,13800,13781,13770,13746,13725,13698,13660,13621,13563,13511
"40",6,"VI  O'Higgins",63,"Colchagua",6302,"Chépica",14375,14529,14676,14812,14946,15077,15215,15360,15495,15631,15750,15860,15980,16081,16196,16278,16362,16449,16496
"41",8,"VIII  Biobío",81,"Concepción",8103,"Chiguayante",84280,85419,86537,87631,88746,89889,91038,92217,93379,94537,95686,96794,97909,99036,100157,101243,102321,103367,104382
"42",11,"XI Aysén",114,"General Carrera",11401,"Chile Chico",4577,4621,4655,4703,4741,4781,4837,4880,4922,4971,5005,5032,5070,5098,5127,5161,5176,5214,5233
"43",8,"VIII  Biobío",84,"Ñuble",8401,"Chillán",167900,168936,169913,170820,171759,172718,173678,174653,175576,176492,177341,178104,178871,179632,180348,181008,181618,182153,182622
"44",8,"VIII  Biobío",84,"Ñuble",8406,"Chillán Viejo",22895,23539,24180,24834,25513,26207,26927,27657,28398,29157,29930,30703,31502,32319,33146,33982,34829,35685,36553
"45",6,"VI  O'Higgins",63,"Colchagua",6303,"Chimbarongo",33520,33882,34211,34528,34838,35135,35450,35764,36089,36385,36654,36919,37172,37424,37660,37876,38065,38223,38350
"46",9,"IX   Araucanía",91,"Cautín",9121,"Cholchol",10434,10554,10677,10781,10883,10996,11108,11215,11320,11427,11528,11628,11731,11834,11936,12026,12119,12212,12287
"47",10,"X  Los Lagos",102,"Chiloé",10203,"Chonchi",13040,13261,13467,13662,13830,14007,14174,14344,14508,14666,14821,14943,15086,15234,15365,15494,15620,15745,15860
"48",11,"XI Aysén",112,"Aysén",11202,"Cisnes",5907,5946,5977,6000,6008,5978,5915,5795,5658,5527,5428,5366,5339,5341,5347,5356,5372,5387,5408
"49",8,"VIII  Biobío",84,"Ñuble",8403,"Cobquecura",5910,5888,5882,5865,5853,5839,5828,5821,5807,5783,5773,5752,5735,5715,5689,5667,5643,5621,5584
"50",10,"X  Los Lagos",101,"Llanquihue",10103,"Cochamó",4524,4517,4497,4475,4448,4419,4389,4355,4317,4285,4246,4203,4159,4124,4078,4030,3990,3939,3899
"51",11,"XI Aysén",113,"Capitán Prat",11301,"Cochrane",2946,2985,3015,3049,3072,3102,3144,3183,3226,3247,3274,3310,3336,3356,3382,3404,3430,3455,3480
"52",6,"VI  O'Higgins",61,"Cachapoal",6102,"Codegua",11198,11439,11674,11901,12131,12355,12588,12827,13060,13293,13518,13729,13952,14166,14392,14588,14787,14978,15143
"53",8,"VIII  Biobío",84,"Ñuble",8404,"Coelemu",16678,16684,16686,16682,16693,16713,16726,16754,16785,16823,16852,16878,16910,16950,17004,17040,17083,17125,17164
"54",8,"VIII  Biobío",84,"Ñuble",8405,"Coihueco",24458,24586,24707,24817,24930,25043,25154,25278,25386,25489,25589,25674,25763,25843,25933,25996,26057,26105,26159
"55",6,"VI  O'Higgins",61,"Cachapoal",6103,"Coinco",6621,6681,6736,6770,6818,6871,6913,6967,7006,7054,7091,7115,7160,7191,7217,7241,7261,7281,7286
"56",7,"VII  Maule",74,"Linares",7402,"Colbún",18265,18391,18507,18609,18707,18811,18917,19017,19109,19192,19267,19336,19387,19444,19499,19530,19561,19577,19586
"57",1,"I  Tarapacá",14,"Tamarugal",1403,"Colchane",1706,1701,1699,1695,1693,1693,1691,1696,1686,1688,1691,1691,1698,1696,1688,1689,1682,1675,1671
"58",13,"Región Metropolitana",133,"Chacabuco",13301,"Colina",80726,83328,85951,88635,91414,94307,97350,100517,103744,107070,110491,113989,117573,121233,124958,128760,132607,136512,140475
"59",9,"IX   Araucanía",92,"Malleco",9202,"Collipulli",23174,23324,23452,23577,23691,23790,23903,24019,24122,24216,24319,24402,24490,24574,24638,24708,24774,24832,24875
"60",6,"VI  O'Higgins",61,"Cachapoal",6104,"Coltauco",16832,17073,17307,17525,17753,17966,18200,18429,18654,18870,19090,19296,19503,19703,19894,20078,20251,20412,20558
"61",4,"IV  Coquimbo",43,"Limarí",4302,"Combarbalá",13981,14068,14152,14244,14338,14436,14548,14654,14775,14895,14998,15107,15199,15299,15379,15453,15528,15587,15649
"62",8,"VIII  Biobío",81,"Concepción",8101,"Concepción",223998,224624,225104,225523,226030,226434,226931,227403,227795,228211,228466,228677,228848,229017,229118,229160,229156,228960,228779
"63",13,"Región Metropolitana",131,"Santiago",13104,"Conchalí",138190,138456,138636,138797,138953,139167,139443,139763,140042,140304,140561,140770,140950,141089,141185,141225,141206,141129,140988
"64",5,"V  Valparaíso",51,"Valparaíso",5103,"Concón",33448,34492,35525,36590,37671,38775,39923,41109,42316,43566,44833,46124,47447,48778,50154,51533,52938,54356,55805
"65",7,"VII  Maule",71,"Talca",7102,"Constitución",47769,48084,48377,48660,48951,49225,49486,49757,49995,50190,50357,50498,50631,50754,50888,51031,51161,51291,51412
"66",8,"VIII  Biobío",82,"Arauco",8204,"Contulmo",6052,6024,5989,5954,5912,5890,5850,5813,5788,5748,5703,5670,5624,5581,5549,5500,5449,5412,5365
"67",3,"III  Atacama",31,"Copiapó",3101,"Copiapó",133822,135919,138166,140580,143273,146228,149318,152562,155871,159192,162455,165655,168946,172231,175524,178788,181962,185116,188189
"68",4,"IV  Coquimbo",41,"Elqui",4102,"Coquimbo",168980,173048,177173,181414,185833,190400,195192,200177,205272,210463,215693,220935,226223,231507,236799,242096,247386,252663,257931
"69",8,"VIII  Biobío",81,"Concepción",8102,"Coronel",99049,100299,101509,102703,103936,105174,106432,107705,108972,110227,111455,112655,113850,115062,116256,117423,118552,119664,120729
"70",14,"XIV  Los Ríos",141,"Valdivia",14102,"Corral",5667,5665,5657,5658,5661,5678,5685,5704,5712,5724,5739,5734,5748,5756,5761,5769,5771,5775,5776
"71",11,"XI Aysén",111,"Coyhaique",11101,"Coyhaique",51508,52212,52907,53596,54266,55002,55760,56551,57292,57976,58623,59236,59862,60482,61081,61656,62265,62799,63343
"72",9,"IX   Araucanía",91,"Cautín",9103,"Cunco",19393,19396,19398,19382,19359,19335,19314,19280,19257,19215,19174,19131,19090,19047,18990,18926,18862,18800,18724
"73",9,"IX   Araucanía",92,"Malleco",9203,"Curacautín",17591,17592,17589,17572,17545,17520,17493,17470,17433,17391,17355,17307,17263,17221,17164,17107,17046,16969,16907
"74",13,"Región Metropolitana",135,"Melipilla",13503,"Curacaví",25197,25530,25839,26156,26472,26799,27150,27505,27860,28213,28575,28943,29288,29641,29980,30319,30651,30960,31274
"75",10,"X  Los Lagos",102,"Chiloé",10204,"Curaco de Vélez",3519,3590,3649,3701,3758,3800,3857,3895,3948,4000,4038,4078,4128,4167,4199,4243,4286,4323,4356
"76",8,"VIII  Biobío",82,"Arauco",8205,"Curanilahue",33132,33300,33462,33611,33758,33914,34059,34211,34347,34492,34606,34702,34802,34894,34977,35047,35095,35144,35157
"77",9,"IX   Araucanía",91,"Cautín",9104,"Curarrehue",7035,7080,7115,7149,7192,7219,7250,7289,7308,7352,7370,7397,7419,7443,7466,7491,7504,7520,7533
"78",7,"VII  Maule",71,"Talca",7103,"Curepto",11207,11211,11189,11171,11150,11130,11113,11092,11064,11025,10983,10939,10895,10852,10799,10732,10674,10611,10534
"79",7,"VII  Maule",73,"Curicó",7301,"Curicó",123943,125633,127258,128869,130455,132032,133632,135266,136839,138379,139845,141277,142662,144025,145344,146612,147820,148959,150024
"80",10,"X  Los Lagos",102,"Chiloé",10205,"Dalcahue",11084,11406,11720,12022,12322,12616,13204,13514,13830,14107,14408,14711,15005,15316,15616,15927,16234,16541,16839
"81",3,"III  Atacama",32,"Chañaral",3202,"Diego de Almagro",19278,18862,18473,18099,17764,17455,17176,16904,16635,16354,16079,15797,15501,15224,14939,14656,14360,14072,13785
"82",6,"VI  O'Higgins",61,"Cachapoal",6105,"Doñihue",17546,17779,18007,18223,18433,18649,18877,19085,19323,19528,19737,19927,20127,20318,20499,20677,20838,20981,21119
"83",13,"Región Metropolitana",131,"Santiago",13105,"El Bosque",182105,183137,184043,184903,185772,186678,187680,188723,189698,190633,191541,192389,193185,193915,194555,195106,195555,195909,196166
"84",8,"VIII  Biobío",84,"Ñuble",8407,"El Carmen",13320,13305,13274,13249,13220,13190,13161,13139,13102,13073,13032,12982,12942,12898,12851,12806,12742,12690,12627
"85",13,"Región Metropolitana",136,"Talagante",13602,"El Monte",27441,28014,28577,29140,29726,30333,30967,31613,32266,32942,33618,34288,34986,35673,36377,37061,37754,38440,39125
"86",5,"V  Valparaíso",56,"San Antonio",5604,"El Quisco",9819,10050,10278,10517,10758,10991,11237,11494,11751,12015,12281,12548,12819,13093,13359,13641,13917,14191,14479
"87",5,"V  Valparaíso",56,"San Antonio",5605,"El Tabo",7286,7481,7680,7880,8078,8284,8496,8711,8939,9163,9396,9625,9863,10116,10351,10592,10839,11095,11346
"88",7,"VII  Maule",71,"Talca",7104,"Empedrado",4374,4399,4417,4419,4431,4444,4453,4461,4473,4486,4476,4488,4486,4478,4477,4476,4461,4457,4451
"89",9,"IX   Araucanía",92,"Malleco",9204,"Ercilla",9367,9378,9374,9362,9361,9342,9327,9317,9299,9277,9265,9239,9216,9197,9168,9140,9112,9082,9041
"90",13,"Región Metropolitana",131,"Santiago",13106,"Estación Central",135218,135893,136504,137092,137727,138420,139200,140051,140884,141707,142546,143384,144188,144982,145749,146477,147153,147798,148400
"91",8,"VIII  Biobío",81,"Concepción",8104,"Florida",10559,10412,10268,10125,9988,9864,9730,9617,9493,9380,9271,9163,9045,8939,8843,8742,8638,8530,8433
"92",9,"IX   Araucanía",91,"Cautín",9105,"Freire",26449,26372,26272,26150,26028,25894,25760,25629,25491,25351,25200,25052,24904,24746,24584,24411,24241,24058,23867
"93",3,"III  Atacama",33,"Huasco",3303,"Freirina",5880,5921,5980,6035,6112,6200,6286,6377,6465,6556,6649,6737,6823,6915,6992,7073,7160,7233,7306
"94",10,"X  Los Lagos",101,"Llanquihue",10104,"Fresia",13278,13302,13314,13308,13277,13237,13192,13167,13128,13069,13010,12941,12868,12802,12737,12658,12584,12507,12418
"95",10,"X  Los Lagos",101,"Llanquihue",10105,"Frutillar",16094,16262,16419,16542,16645,16734,16822,16922,17003,17078,17138,17183,17224,17272,17312,17352,17371,17383,17415
"96",10,"X  Los Lagos",104,"Palena",10402,"Futaleufú",1894,1958,2005,2065,2125,2178,3095,3159,3214,3203,3253,3294,3339,3382,3417,3459,3478,3513,3542
"97",14,"XIV  Los Ríos",142,"Ranco",14202,"Futrono",15523,15581,15627,15679,15745,15831,15916,16001,16097,16177,16244,16334,16403,16489,16564,16636,16709,16779,16830
"98",9,"IX   Araucanía",91,"Cautín",9106,"Galvarino",13060,13050,13024,12998,12958,12925,12891,12862,12812,12772,12727,12683,12632,12575,12523,12469,12408,12341,12279
"99",15,"XV  Arica y Parinacota",152,"Parinacota",15202,"General Lagos",1206,1094,1009,941,876,831,789,753,713,684,662,636,614,594,577,555,530,517,502
"100",9,"IX   Araucanía",91,"Cautín",9107,"Gorbea",15777,15808,15815,15816,15813,15810,15809,15791,15779,15766,15754,15729,15711,15684,15649,15619,15584,15537,15492
"101",6,"VI  O'Higgins",61,"Cachapoal",6106,"Graneros",26922,27485,28016,28546,29055,29586,30114,30657,31195,31726,32229,32739,33227,33726,34212,34677,35124,35535,35941
"102",11,"XI Aysén",112,"Aysén",11203,"Guaitecas",1582,1597,1612,1616,1634,1647,1667,1675,1683,1704,1716,1723,1733,1741,1754,1759,1763,1771,1781
"103",5,"V  Valparaíso",55,"Quillota",5503,"Hijuela",16600,16744,16867,16983,17101,17212,17323,17440,17558,17665,17774,17870,17966,18050,18143,18212,18277,18340,18400
"104",10,"X  Los Lagos",104,"Palena",10403,"Hualaihué",8578,8766,8936,9100,9248,9394,10104,10270,10427,10518,10660,10789,10923,11051,11165,11291,11408,11519,11638
"105",7,"VII  Maule",73,"Curicó",7302,"Hualañé",10105,10128,10152,10173,10191,10210,10217,10241,10250,10265,10257,10256,10249,10241,10230,10204,10182,10152,10121
"106",8,"VIII  Biobío",81,"Concepción",8112,"Hualpén",89906,91274,92631,93957,95327,96720,98133,99555,100999,102428,103843,105219,106628,108028,109436,110823,112188,113524,114833
"107",8,"VIII  Biobío",81,"Concepción",8105,"Hualqui",19464,19873,20289,20704,21130,21576,22016,22459,22928,23395,23855,24320,24793,25266,25745,26243,26715,27197,27670
"108",1,"I  Tarapacá",14,"Tamarugal",1404,"Huara",2699,2702,2725,2734,2749,2768,2786,2815,2832,2857,2878,2897,2923,2936,2943,2966,2984,2983,2991
"109",3,"III  Atacama",33,"Huasco",3304,"Huasco",8234,8347,8461,8585,8721,8883,9038,9222,9393,9569,9737,9919,10083,10263,10429,10595,10768,10930,11093
"110",13,"Región Metropolitana",131,"Santiago",13107,"Huechuraba",76824,78171,79485,80817,82168,83579,85053,86578,88102,89647,91209,92770,94342,95912,97470,99019,100554,102062,103549
"111",4,"IV  Coquimbo",42,"Choapa",4201,"Illapel",31458,31552,31629,31716,31808,31922,32035,32178,32309,32439,32558,32663,32753,32822,32887,32931,32955,32965,32964
"112",13,"Región Metropolitana",131,"Santiago",13108,"Inpendencia",67891,68921,69948,70966,72016,73121,74280,75492,76715,77944,79209,80476,81755,83059,84354,85638,86929,88209,89493
"113",1,"I  Tarapacá",11,"Iquique",1101,"Iquique",172281,174261,176103,177982,179896,181849,183968,186185,188380,190520,192663,194633,196437,198123,199629,200897,201948,202809,203439
"114",5,"V  Valparaíso",52,"Isla de Pascua",5201,"Isla de  Pascua",3935,4087,4243,4404,4572,4742,4919,5119,5309,5509,5709,5925,6148,6370,6600,6832,7077,7327,7582
"115",13,"Región Metropolitana",136,"Talagante",13603,"Isla de Maipo",26755,27348,27923,28504,29111,29737,30389,31063,31742,32437,33144,33855,34563,35298,36024,36747,37473,38201,38916
"116",5,"V  Valparaíso",51,"Valparaíso",5104,"Juan Fernández",648,666,695,711,729,747,768,787,800,812,817,836,850,857,863,871,880,889,896
"117",5,"V  Valparaíso",55,"Quillota",5502,"La Calera",51307,51672,51988,52293,52592,52875,53166,53472,53765,54065,54345,54613,54878,55121,55343,55555,55748,55924,56067
"118",13,"Región Metropolitana",131,"Santiago",13109,"La Cisterna",88260,88614,88910,89195,89486,89810,90170,90571,90941,91296,91649,91977,92289,92580,92831,93057,93231,93377,93480
"119",5,"V  Valparaíso",55,"Quillota",5504,"La Cruz",13319,13721,14119,14522,14949,15354,15786,16246,16704,17178,17654,18153,18647,19145,19667,20189,20721,21255,21790
"120",6,"VI  O'Higgins",62,"Cardenal Caro",6202,"La Estrella",4390,4004,3728,3551,3423,3344,3298,3267,3265,3259,3263,3279,3283,3305,3314,3333,3349,3356,3370
"121",13,"Región Metropolitana",131,"Santiago",13110,"La Florida",379181,379881,380368,380802,381307,381946,382809,383825,384748,385633,386540,387352,388119,388805,389392,389846,390164,390353,390403
"122",13,"Región Metropolitana",131,"Santiago",13111,"La Granja",137435,137915,138312,138682,139065,139490,139995,140538,141044,141529,142002,142449,142862,143237,143558,143819,144025,144176,144260
"123",4,"IV  Coquimbo",41,"Elqui",4104,"La Higuera",3863,3910,3956,4005,4067,4120,4185,4246,4315,4376,4433,4497,4568,4622,4686,4727,4793,4843,4893
"124",5,"V  Valparaíso",54,"Petorca",5401,"La Ligua",33156,33268,33338,33407,33473,33518,33578,33639,33692,33743,33789,33829,33853,33878,33883,33884,33865,33839,33803
"125",13,"Región Metropolitana",131,"Santiago",13112,"La Pintana",197148,198361,199461,200526,201612,202769,204036,205379,206664,207907,209174,210369,211536,212656,213702,214663,215543,216330,217034
"126",13,"Región Metropolitana",131,"Santiago",13113,"La Reina",100304,100390,100422,100430,100456,100525,100651,100824,100964,101094,101237,101358,101459,101548,101614,101641,101627,101589,101518
"127",4,"IV  Coquimbo",41,"Elqui",4101,"La Serena",165975,169327,172697,176212,179829,183554,187513,191587,195737,199966,204204,208426,212621,216874,221021,225178,229318,233413,237433
"128",14,"XIV  Los Ríos",142,"Ranco",14201,"La Unión",40903,41010,41123,41259,41422,41635,41853,42085,42297,42515,42712,42904,43093,43291,43484,43671,43838,44002,44157
"129",14,"XIV  Los Ríos",142,"Ranco",14203,"Lago Ranco",10467,10487,10495,10505,10536,10568,10600,10647,10681,10716,10747,10772,10810,10837,10854,10893,10920,10938,10947
"130",11,"XI Aysén",111,"Coyhaique",11102,"Lago Verde",1083,1078,1078,1065,1062,1055,1045,1042,1034,1030,1023,1013,1005,996,982,971,959,950,941
"131",12,"XII  Magallanes y la Antártica",121,"Magallanes",12102,"Laguna Blanca",673,665,657,647,636,624,624,615,617,615,610,599,587,580,567,566,560,555,550
"132",8,"VIII  Biobío",83,"Biobío",8304,"Laja",23239,23309,23398,23468,23529,23600,23674,23750,23812,23873,23926,23971,24006,24040,24066,24083,24089,24092,24079
"133",13,"Región Metropolitana",133,"Chacabuco",13302,"Lampa",41727,44174,46726,49423,52276,55311,58553,61996,65631,69455,73502,77763,82249,86975,91936,97124,102571,108270,114237
"134",14,"XIV  Los Ríos",141,"Valdivia",14103,"Lanco",15663,15774,15896,16013,16163,16314,16484,16660,16823,16980,17140,17296,17455,17620,17777,17936,18091,18244,18396
"135",6,"VI  O'Higgins",61,"Cachapoal",6107,"Las Cabras",21001,21346,21626,21859,22086,22298,22521,22760,22978,23197,23392,23589,23773,23960,24134,24295,24447,24574,24689
"136",13,"Región Metropolitana",131,"Santiago",13114,"Las Condes",259016,260909,262630,264327,266046,267873,269847,271918,273908,275876,277859,279760,281623,283417,285140,286735,288228,289616,290869
"137",9,"IX   Araucanía",91,"Cautín",9108,"Lautaro",33394,33720,34020,34299,34573,34836,35114,35377,35649,35902,36159,36412,36648,36888,37119,37340,37557,37756,37952
"138",8,"VIII  Biobío",82,"Arauco",8201,"Lebu",25958,25995,26017,26043,26080,26124,26172,26228,26287,26347,26404,26455,26509,26567,26618,26670,26706,26759,26791
"139",7,"VII  Maule",73,"Curicó",7303,"Licantén",7163,7175,7195,7221,7225,7238,7244,7259,7274,7277,7277,7276,7267,7267,7253,7249,7227,7210,7188
"140",5,"V  Valparaíso",58,"Marga Marga",5802,"Limache",40653,41062,41434,41808,42167,42520,42884,43259,43630,43992,44359,44715,45061,45398,45709,46022,46320,46598,46870
"141",7,"VII  Maule",74,"Linares",7401,"Linares",86276,86814,87279,87723,88154,88553,88978,89397,89761,90093,90382,90624,90845,91030,91193,91303,91379,91398,91372
"142",6,"VI  O'Higgins",62,"Cardenal Caro",6203,"Litueche",5729,5739,5771,5806,5848,5905,5947,6006,6061,6118,6164,6211,6251,6303,6355,6385,6418,6455,6480
"143",5,"V  Valparaíso",57,"San Felipe de Aconcagua",5703,"Llaillay",22438,22635,22816,22987,23168,23333,23501,23674,23853,24028,24198,24358,24519,24680,24826,24955,25095,25209,25331
"144",10,"X  Los Lagos",101,"Llanquihue",10107,"Llanquihue",16931,17096,17224,17346,17437,17517,17614,17707,17793,17870,17928,17981,18036,18083,18137,18191,18229,18268,18291
"145",13,"Región Metropolitana",131,"Santiago",13115,"Lo Barnechea",77495,79293,81072,82886,84744,86670,88687,90772,92873,95015,97206,99416,101651,103919,106187,108470,110742,113037,115313
"146",13,"Región Metropolitana",131,"Santiago",13116,"Lo Espejo",116983,117246,117446,117620,117810,118024,118303,118625,118908,119170,119430,119654,119842,120014,120145,120218,120247,120230,120148
"147",13,"Región Metropolitana",131,"Santiago",13117,"Lo Prado",108169,108565,108882,109188,109506,109853,110253,110697,111099,111497,111887,112241,112579,112879,113146,113370,113539,113669,113748
"148",6,"VI  O'Higgins",63,"Colchagua",6304,"Lolol",6420,6479,6526,6580,6625,6674,6712,6759,6806,6846,6893,6928,6961,6994,7022,7053,7072,7088,7100
"149",9,"IX   Araucanía",91,"Cautín",9109,"Loncoche",23881,23888,23883,23866,23835,23800,23768,23729,23690,23648,23596,23536,23482,23425,23354,23275,23194,23109,23003
"150",7,"VII  Maule",74,"Linares",7403,"Longaví",29198,29282,29343,29400,29449,29489,29525,29567,29591,29608,29609,29588,29562,29526,29486,29420,29348,29268,29165
"151",9,"IX   Araucanía",92,"Malleco",9205,"Lonquimay",10615,10657,10706,10733,10764,10793,10821,10848,10869,10886,10917,10930,10940,10957,10964,10981,10985,10980,10981
"152",8,"VIII  Biobío",82,"Arauco",8206,"Los Álamos",19325,19646,19953,20272,20587,20915,21240,21579,21914,22260,22589,22919,23252,23588,23925,24253,24584,24914,25230
"153",5,"V  Valparaíso",53,"Los Andes",5301,"Los Andes",62408,62910,63373,63822,64257,64670,65100,65560,65997,66433,66858,67265,67659,68041,68401,68734,69048,69345,69609
"154",8,"VIII  Biobío",83,"Biobío",8301,"Los Ángeles",172695,174477,176205,177879,179599,181336,183088,184867,186616,188356,190030,191640,193252,194870,196454,197987,199465,200866,202214
"155",14,"XIV  Los Ríos",141,"Valdivia",14104,"Los Lagos",20900,21002,21099,21203,21314,21459,21603,21760,21901,22048,22186,22314,22457,22593,22727,22864,22988,23112,23229
"156",10,"X  Los Lagos",101,"Llanquihue",10106,"Los Muermos",17594,17599,17582,17537,17478,17400,17316,17239,17154,17054,16941,16816,16692,16569,16441,16312,16177,16030,15887
"157",9,"IX   Araucanía",92,"Malleco",9206,"Los Sauces",7862,7872,7884,7881,7887,7882,7885,7885,7884,7880,7880,7867,7853,7847,7838,7818,7803,7791,7765
"158",4,"IV  Coquimbo",42,"Choapa",4203,"Los Vilos",18089,18230,18371,18502,18655,18811,18975,19149,19327,19498,19668,19826,19980,20122,20259,20391,20508,20613,20723
"159",8,"VIII  Biobío",81,"Concepción",8106,"Lota",50892,50706,50485,50260,50028,49807,49597,49368,49141,48903,48653,48373,48098,47821,47539,47235,46916,46589,46241
"160",9,"IX   Araucanía",92,"Malleco",9207,"Lumaco",11829,11809,11788,11758,11713,11681,11640,11603,11562,11519,11481,11427,11379,11328,11270,11217,11164,11099,11039
"161",6,"VI  O'Higgins",61,"Cachapoal",6108,"Machalí",29694,31410,33154,34903,36640,38373,40132,41883,43620,45313,46975,48561,50141,51665,53118,54519,55831,57069,58209
"162",13,"Región Metropolitana",131,"Santiago",13118,"Macul",116686,117272,117795,118282,118786,119332,119943,120590,121213,121809,122404,122966,123506,124015,124492,124905,125273,125596,125855
"163",14,"XIV  Los Ríos",141,"Valdivia",14105,"Máfil",7475,7473,7450,7453,7443,7447,7442,7458,7469,7461,7466,7461,7464,7460,7461,7458,7456,7449,7445
"164",13,"Región Metropolitana",131,"Santiago",13119,"Maipú",485717,490521,495072,499560,504130,508903,513993,519282,524466,529623,534801,539869,544876,549788,554548,559123,563499,567675,571632
"165",6,"VI  O'Higgins",61,"Cachapoal",6109,"Malloa",13352,13384,13416,13449,13485,13511,13552,13608,13653,13700,13743,13774,13816,13861,13905,13937,13972,13990,13995
"166",6,"VI  O'Higgins",62,"Cardenal Caro",6204,"Marchihue",7158,7205,7243,7271,7306,7351,7376,7415,7448,7482,7511,7543,7565,7594,7623,7637,7650,7661,7667
"167",2,"II  Antofagasta",23,"Tocopilla",2302,"María Elena",7815,7572,7327,7096,6871,6648,6436,6239,6052,5872,5687,5506,5340,5162,5000,4840,4680,4521,4371
"168",13,"Región Metropolitana",135,"Melipilla",13504,"María Pinto",10729,10880,11037,11187,11342,11504,11666,11850,12014,12190,12365,12550,12725,12901,13066,13238,13406,13561,13728
"169",14,"XIV  Los Ríos",141,"Valdivia",14106,"Mariquina",18893,19094,19293,19509,19743,19995,20257,20517,20786,21054,21317,21580,21845,22119,22385,22654,22920,23186,23448
"170",7,"VII  Maule",71,"Talca",7105,"Maule",17453,18955,20579,22325,24216,26245,28443,30842,33403,36154,39117,42279,45676,49334,53238,57427,61882,66634,71691
"171",10,"X  Los Lagos",101,"Llanquihue",10108,"Maullín",16158,16194,16213,16207,16181,16150,16115,16075,16043,15983,15928,15858,15788,15722,15647,15572,15492,15408,15316
"172",2,"II  Antofagasta",21,"Antofagasta",2102,"Mejillones",8731,8909,9078,9259,9431,9622,9810,10014,10221,10435,10656,10875,11090,11309,11541,11754,11977,12192,12403
"173",9,"IX   Araucanía",91,"Cautín",9110,"Melipeuco",5835,5852,5852,5855,5863,5869,5859,5862,5862,5860,5854,5853,5848,5837,5835,5819,5816,5798,5782
"174",13,"Región Metropolitana",135,"Melipilla",13501,"Melipilla",98062,99415,100714,102019,103350,104737,106183,107692,109182,110682,112193,113698,115197,116680,118142,119580,120972,122339,123669
"175",7,"VII  Maule",73,"Curicó",7304,"Molina",39935,40101,40275,40448,40617,40819,41017,41236,41450,41632,41814,41968,42128,42273,42409,42531,42632,42712,42767
"176",4,"IV  Coquimbo",43,"Limarí",4303,"Monte Patria",31386,31545,31704,31870,32034,32218,32423,32642,32863,33074,33278,33466,33641,33796,33952,34072,34180,34278,34365
"177",6,"VI  O'Higgins",61,"Cachapoal",6110,"Mostazal",22676,23000,23295,23594,23881,24174,24462,24767,25074,25363,25635,25906,26170,26433,26693,26931,27157,27367,27548
"178",8,"VIII  Biobío",83,"Biobío",8305,"Mulchén",30076,30134,30184,30221,30260,30300,30341,30385,30423,30457,30472,30473,30479,30485,30484,30465,30435,30400,30354
"179",8,"VIII  Biobío",83,"Biobío",8306,"Nacimiento",26935,27067,27193,27305,27430,27546,27668,27793,27911,28017,28128,28214,28305,28392,28471,28542,28606,28656,28699
"180",6,"VI  O'Higgins",63,"Colchagua",6305,"Nancagua",16213,16303,16391,16469,16527,16588,16662,16741,16814,16879,16938,16984,17029,17075,17113,17147,17169,17178,17171
"181",12,"XII  Magallanes y la Antártica",124,"Última Esperanza",12401,"Natales",19509,19615,19731,19862,20019,20186,20362,20546,20738,20903,21072,21229,21392,21556,21714,21855,21998,22138,22266
"182",6,"VI  O'Higgins",62,"Cardenal Caro",6205,"Navidad",5625,5657,5682,5716,5743,5763,5796,5817,5848,5876,5898,5917,5941,5958,5980,5994,6006,6013,6013
"183",8,"VIII  Biobío",83,"Biobío",8307,"Negrete",8896,9001,9109,9208,9307,9419,9522,9629,9738,9836,9950,10052,10148,10252,10348,10450,10544,10625,10717
"184",8,"VIII  Biobío",84,"Ñuble",8408,"Ninhue",5948,5947,5947,5932,5926,5920,5908,5902,5901,5885,5878,5857,5847,5827,5817,5801,5781,5755,5732
"185",5,"V  Valparaíso",55,"Quillota",5506,"Nogales",22421,22555,22676,22794,22895,22992,23105,23214,23321,23415,23524,23618,23708,23783,23859,23925,23984,24033,24079
"186",9,"IX   Araucanía",91,"Cautín",9111,"Nueva Imperial",31095,31323,31533,31733,31912,32082,32280,32450,32615,32785,32950,33099,33247,33386,33528,33653,33768,33876,33976
"187",8,"VIII  Biobío",84,"Ñuble",8409,"Ñiquén",11841,11839,11837,11823,11819,11808,11797,11786,11771,11762,11748,11717,11689,11665,11653,11609,11579,11536,11501
"188",13,"Región Metropolitana",131,"Santiago",13120,"Ñuñoa",169490,173036,176532,180072,183692,187447,191372,195455,199541,203687,207915,212163,216452,220779,225109,229434,233739,238014,242287
"189",11,"XI Aysén",113,"Capitán Prat",11302,"O´Higgins",465,480,492,510,531,543,557,576,592,613,627,644,657,672,689,706,722,739,762
"190",6,"VI  O'Higgins",61,"Cachapoal",6111,"Olivar",12792,12953,13109,13261,13428,13568,13735,13909,14083,14266,14441,14623,14823,15025,15248,15489,15725,15994,16281
"191",2,"II  Antofagasta",22,"El Loa",2202,"Ollagüe",324,322,322,325,328,326,318,314,311,314,316,313,315,313,311,310,306,309,305
"192",5,"V  Valparaíso",58,"Marga Marga",5803,"Olmué",14623,14748,14855,14956,15072,15170,15277,15383,15490,15596,15700,15794,15897,15987,16075,16162,16241,16305,16374
"193",10,"X  Los Lagos",103,"Osorno",10301,"Osorno",150781,151913,152831,153582,154165,154641,155154,155726,156253,156668,156968,157173,157389,157630,157855,158027,158162,158234,158259
"194",4,"IV  Coquimbo",43,"Limarí",4301,"Ovalle",101668,102949,104207,105513,106871,108267,109761,111317,112880,114457,116017,117533,119014,120469,121868,123239,124556,125832,127072
"195",13,"Región Metropolitana",136,"Talagante",13604,"Padre Hurtado",40210,41248,42295,43359,44467,45597,46792,48025,49282,50554,51863,53188,54541,55909,57287,58675,60088,61494,62906
"196",9,"IX   Araucanía",91,"Cautín",9112,"Padre Las Casas",60941,62766,64596,66433,68299,70197,72152,74153,76182,78253,80358,82504,84684,86913,89163,91442,93760,96098,98459
"197",4,"IV  Coquimbo",41,"Elqui",4105,"Paiguano",4320,4329,4350,4348,4363,4379,4391,4412,4425,4443,4465,4476,4483,4492,4492,4506,4507,4509,4503
"198",14,"XIV  Los Ríos",141,"Valdivia",14107,"Paillaco",19946,19973,20024,20071,20130,20216,20310,20400,20490,20574,20658,20729,20798,20883,20956,21029,21094,21154,21217
"199",13,"Región Metropolitana",134,"Maipo",13404,"Paine",51894,52932,53953,54991,56046,57143,58292,59477,60675,61880,63114,64346,65603,66855,68101,69351,70591,71829,73044
"200",10,"X  Los Lagos",104,"Palena",10404,"Palena",1752,1770,1791,1802,1813,1814,2108,2129,2134,2113,2127,2127,2131,2126,2125,2124,2119,2119,2109
"201",6,"VI  O'Higgins",63,"Colchagua",6306,"Palmilla",11618,11762,11897,12035,12150,12282,12421,12547,12682,12804,12931,13042,13158,13260,13379,13468,13559,13644,13713
"202",14,"XIV  Los Ríos",141,"Valdivia",14108,"Panguipulli",34491,34595,34691,34813,34956,35130,35307,35498,35678,35837,35993,36129,36261,36408,36527,36650,36753,36853,36923
"203",5,"V  Valparaíso",57,"San Felipe de Aconcagua",5704,"Panquehue",6804,6856,6911,6950,6991,7039,7073,7114,7154,7201,7226,7277,7301,7333,7361,7387,7410,7427,7438
"204",5,"V  Valparaíso",54,"Petorca",5403,"Papudo",4778,4826,4861,4896,4936,4974,5012,5057,5090,5129,5159,5201,5242,5263,5310,5340,5369,5394,5417
"205",6,"VI  O'Higgins",62,"Cardenal Caro",6206,"Paredones",6950,6918,6889,6854,6818,6780,6748,6706,6670,6633,6583,6536,6491,6439,6389,6331,6276,6212,6148
"206",7,"VII  Maule",74,"Linares",7404,"Parral",39205,39243,39251,39260,39248,39221,39200,39181,39146,39079,39009,38909,38809,38686,38552,38403,38227,38048,37839
"207",13,"Región Metropolitana",131,"Santiago",13121,"Pedro Aguirre Cerda",118793,119100,119336,119541,119764,120015,120329,120686,121004,121313,121602,121859,122093,122304,122462,122579,122636,122641,122600
"208",7,"VII  Maule",71,"Talca",7106,"Pelarco",7537,7581,7619,7648,7696,7729,7760,7795,7828,7854,7882,7904,7910,7936,7944,7955,7959,7950,7958
"209",7,"VII  Maule",72,"Cauquenes",7203,"Pelluhue",6653,6730,6813,6892,6964,7056,7120,7199,7278,7356,7421,7495,7553,7623,7678,7745,7800,7850,7896
"210",8,"VIII  Biobío",84,"Ñuble",8410,"Pemuco",9151,9168,9183,9208,9210,9225,9249,9257,9274,9284,9293,9294,9298,9294,9297,9301,9297,9283,9276
"211",7,"VII  Maule",71,"Talca",7107,"Pencahue",8622,8654,8687,8710,8736,8751,8775,8796,8806,8827,8838,8833,8845,8845,8840,8834,8812,8796,8785
"212",8,"VIII  Biobío",81,"Concepción",8107,"Penco",47710,48051,48366,48669,48970,49287,49602,49928,50237,50538,50822,51080,51346,51611,51853,52098,52315,52504,52695
"213",13,"Región Metropolitana",136,"Talagante",13605,"Peñaflor",69088,70519,71941,73380,74852,76375,77965,79616,81278,82956,84668,86401,88139,89892,91635,93397,95138,96876,98603
"214",13,"Región Metropolitana",131,"Santiago",13122,"Peñalolen",224054,225668,227110,228508,229905,231357,232911,234526,236043,237509,238951,240304,241576,242766,243847,244800,245621,246310,246871
"215",6,"VI  O'Higgins",63,"Colchagua",6307,"Peralillo",10087,10215,10333,10458,10575,10686,10802,10919,11037,11150,11248,11355,11460,11562,11658,11742,11828,11904,11967
"216",9,"IX   Araucanía",91,"Cautín",9113,"Perquenco",6687,6739,6794,6840,6885,6927,6979,7023,7065,7098,7145,7191,7220,7267,7300,7328,7366,7393,7421
"217",5,"V  Valparaíso",54,"Petorca",5404,"Petorca",9785,9839,9885,9928,9969,10010,10059,10098,10146,10186,10230,10261,10294,10323,10351,10384,10405,10415,10432
"218",6,"VI  O'Higgins",61,"Cachapoal",6112,"Peumo",14477,14621,14757,14892,15014,15133,15277,15406,15540,15659,15771,15883,15981,16089,16181,16273,16345,16403,16464
"219",1,"I  Tarapacá",14,"Tamarugal",1405,"Pica",6427,6423,6425,6437,6440,6467,6479,6505,6536,6558,6582,6605,6626,6639,6653,6650,6652,6648,6645
"220",6,"VI  O'Higgins",61,"Cachapoal",6113,"Pichidegua",18410,18588,18748,18895,19038,19184,19329,19478,19618,19764,19882,20001,20111,20216,20317,20400,20481,20537,20583
"221",6,"VI  O'Higgins",62,"Cardenal Caro",6201,"Pichilemu",12860,13019,13145,13273,13392,13508,13633,13764,13885,14003,14111,14219,14311,14408,14502,14587,14665,14730,14787
"222",8,"VIII  Biobío",84,"Ñuble",8411,"Pinto",10244,10354,10447,10554,10626,10706,10800,10874,10959,11038,11110,11184,11242,11307,11363,11437,11492,11546,11588
"223",13,"Región Metropolitana",132,"Cordillera",13202,"Pirque",17178,17521,17852,18187,18521,18878,19246,19627,20019,20409,20808,21202,21595,21998,22403,22805,23194,23595,23979
"224",9,"IX   Araucanía",91,"Cautín",9114,"Pitrufquén",22788,22976,23144,23300,23450,23595,23746,23884,24035,24169,24299,24431,24552,24672,24794,24898,25009,25100,25184
"225",6,"VI  O'Higgins",63,"Colchagua",6308,"Placilla",8382,8472,8553,8628,8707,8773,8846,8925,8991,9055,9124,9171,9213,9254,9293,9312,9333,9333,9322
"226",8,"VIII  Biobío",84,"Ñuble",8412,"Portezuelo",5672,5678,5677,5670,5669,5680,5672,5675,5679,5670,5662,5653,5648,5635,5627,5622,5603,5587,5575
"227",12,"XII  Magallanes y la Antártica",123,"Tierra del Fuego",12301,"Porvenir",5571,5683,5797,5928,6064,6211,6353,6508,6657,6813,6978,7132,7296,7446,7615,7781,7941,8109,8270
"228",1,"I  Tarapacá",14,"Tamarugal",1401,"Pozo Almonte",11243,11410,11580,11770,11947,12139,12354,12570,12799,13030,13259,13496,13723,13940,14156,14361,14562,14752,14936
"229",12,"XII  Magallanes y la Antártica",123,"Tierra del Fuego",12302,"Primavera",1029,1003,974,933,896,844,789,732,691,642,603,572,553,1259,1269,1277,1286,1292,1302
"230",13,"Región Metropolitana",131,"Santiago",13123,"Providencia",125279,127089,128773,130409,132048,133721,135451,137236,138984,140718,142462,144169,145869,147533,149165,150742,152268,153748,155166
"231",5,"V  Valparaíso",51,"Valparaíso",5105,"Puchuncaví",13434,13741,14049,14360,14676,14992,15319,15655,15996,16342,16688,17046,17403,17762,18115,18484,18842,19213,19572
"232",9,"IX   Araucanía",91,"Cautín",9115,"Pucón",21881,22322,22761,23188,23616,24055,24490,24941,25393,25843,26297,26757,27221,27680,28146,28609,29072,29536,29991
"233",13,"Región Metropolitana",131,"Santiago",13124,"Pudahuel",202900,204934,206965,209052,211200,213469,215887,218403,220898,223378,225888,228366,230833,233252,235629,237938,240165,242328,244395
"234",13,"Región Metropolitana",132,"Cordillera",13201,"Puente Alto",511161,518350,525281,532215,539280,546609,554341,562333,570264,578226,586267,594244,602203,610118,617914,625553,633021,640317,647428
"235",10,"X  Los Lagos",101,"Llanquihue",10101,"Puerto Montt",182379,187468,192400,197234,201996,206801,213038,217680,222276,226543,230882,235166,239534,243825,248230,252542,256828,261117,265292
"236",10,"X  Los Lagos",103,"Osorno",10302,"Puerto Octay",10611,10585,10539,10479,10410,10324,10241,10164,10081,9988,9885,9784,9680,9574,9465,9360,9257,9146,9026
"237",10,"X  Los Lagos",101,"Llanquihue",10109,"Puerto Varas",34118,34776,35373,35935,36461,36965,37476,37994,38508,38985,39444,39875,40315,40756,41182,41617,42027,42423,42812
"238",6,"VI  O'Higgins",63,"Colchagua",6309,"Pumanque",3570,3566,3552,3543,3526,3519,3515,3502,3498,3497,3481,3480,3471,3470,3469,3452,3451,3442,3431
"239",4,"IV  Coquimbo",43,"Limarí",4304,"Punitaqui",9888,9959,10014,10075,10146,10205,10286,10363,10447,10528,10599,10674,10748,10805,10868,10923,10965,11016,11058
"240",12,"XII  Magallanes y la Antártica",121,"Magallanes",12101,"Punta Arenas",122041,122398,122776,123238,123828,124520,125302,126092,126849,127608,128245,128922,129555,128326,128810,129263,129702,130069,130422
"241",10,"X  Los Lagos",102,"Chiloé",10206,"Puqueldón",4310,4313,4300,4280,4276,4246,4220,4205,4170,4157,4124,4081,4053,4021,3986,3950,3912,3882,3837
"242",9,"IX   Araucanía",92,"Malleco",9208,"Purén",13334,13335,13325,13305,13285,13250,13228,13202,13168,13135,13094,13054,13020,12973,12926,12885,12822,12769,12710
"243",10,"X  Los Lagos",103,"Osorno",10303,"Purranque",21460,21571,21644,21684,21702,21702,21694,21698,21692,21659,21610,21550,21478,21417,21354,21282,21197,21098,21001
"244",5,"V  Valparaíso",57,"San Felipe de Aconcagua",5705,"Putaendo",15184,15299,15397,15494,15592,15677,15771,15866,15962,16057,16139,16225,16306,16391,16469,16533,16592,16648,16702
"245",15,"XV  Arica y Parinacota",152,"Parinacota",15201,"Putre",2035,2023,2016,2014,2018,2016,2023,2033,2042,2051,2057,2066,2073,2077,2084,2090,2090,2094,2095
"246",10,"X  Los Lagos",103,"Osorno",10304,"Puyehue",11793,11757,11719,11660,11599,11532,11472,11430,11371,11312,11244,11176,11109,11052,10988,10928,10864,10798,10734
"247",10,"X  Los Lagos",102,"Chiloé",10207,"Queilén",5323,5372,5414,5438,5462,5477,5496,5516,5525,5542,5548,5549,5551,5560,5549,5558,5548,5534,5531
"248",10,"X  Los Lagos",102,"Chiloé",10208,"Quellón",22627,23263,23874,24468,25048,25616,26473,27074,27680,28247,28817,29375,29951,30532,31122,31703,32294,32867,33445
"249",10,"X  Los Lagos",102,"Chiloé",10209,"Quemchi",9007,9060,9096,9130,9143,9144,9153,9161,9168,9162,9144,9133,9109,9091,9074,9048,9012,8979,8947
"250",8,"VIII  Biobío",83,"Biobío",8308,"Quilaco",4173,4166,4164,4163,4157,4155,4156,4146,4140,4130,4130,4120,4118,4103,4097,4080,4069,4053,4040
"251",13,"Región Metropolitana",131,"Santiago",13125,"Quilicura",131208,136077,141020,146120,151410,156949,162764,168858,175094,181544,188223,195079,202151,209417,216857,224468,232263,240200,248306
"252",8,"VIII  Biobío",83,"Biobío",8309,"Quilleco",10813,10763,10703,10653,10591,10534,10476,10417,10358,10299,10236,10163,10097,10033,9964,9889,9814,9737,9654
"253",8,"VIII  Biobío",84,"Ñuble",8413,"Quillón",15701,15802,15901,15991,16072,16175,16271,16354,16449,16541,16618,16682,16769,16840,16914,16976,17036,17089,17141
"254",5,"V  Valparaíso",55,"Quillota",5501,"Quillota",78678,79862,80990,82121,83225,84339,85476,86647,87818,88988,90169,91327,92482,93633,94749,95852,96948,98022,99063
"255",5,"V  Valparaíso",58,"Marga Marga",5801,"Quilpué",133257,135857,138399,140952,143504,146068,148713,151424,154162,156930,159705,162490,165284,168070,170853,173617,176377,179109,181831
"256",10,"X  Los Lagos",102,"Chiloé",10210,"Quinchao",9307,9319,9311,9307,9270,9250,9207,9183,9138,9100,9048,8992,8934,8881,8826,8759,8693,8625,8558
"257",6,"VI  O'Higgins",61,"Cachapoal",6114,"Quinta de  Tilcoco",11801,11932,12057,12166,12287,12393,12511,12626,12738,12855,12959,13050,13147,13241,13333,13408,13489,13541,13596
"258",13,"Región Metropolitana",131,"Santiago",13126,"Quinta Normal",107856,108252,108615,108987,109401,109872,110436,111066,111692,112326,112982,113641,114297,114958,115592,116217,116816,117377,117930
"259",5,"V  Valparaíso",51,"Valparaíso",5107,"Quintero",21947,22373,22793,23219,23633,24050,24485,24930,25387,25829,26296,26742,27213,27667,28124,28581,29035,29480,29931
"260",8,"VIII  Biobío",84,"Ñuble",8414,"Quirihue",11850,11983,12099,12224,12340,12466,12588,12712,12838,12959,13079,13193,13303,13419,13526,13645,13742,13847,13943
"261",6,"VI  O'Higgins",61,"Cachapoal",6101,"Rancagua",222336,223213,224073,224899,225620,226412,227303,228315,229312,230236,231040,231844,232639,233389,234048,234724,235222,235604,235849
"262",8,"VIII  Biobío",84,"Ñuble",8415,"Ránquil",5900,5899,5912,5917,5929,5938,5957,5962,5982,5994,6013,6032,6041,6049,6065,6078,6083,6099,6105
"263",7,"VII  Maule",73,"Curicó",7305,"Rauco",8884,8985,9076,9180,9261,9356,9459,9548,9639,9729,9815,9889,9970,10044,10115,10182,10250,10303,10358
"264",13,"Región Metropolitana",131,"Santiago",13127,"Recoleta",153708,154841,155870,156890,157926,159017,160200,161437,162638,163816,165003,166139,167258,168342,169372,170326,171223,172058,172820
"265",9,"IX   Araucanía",92,"Malleco",9209,"Renaico",9461,9555,9662,9749,9833,9924,10006,10092,10179,10256,10346,10427,10499,10582,10662,10738,10804,10873,10942
"266",13,"Región Metropolitana",131,"Santiago",13128,"Renca",138476,139482,140407,141306,142227,143198,144256,145358,146427,147466,148528,149542,150546,151500,152399,153266,154059,154791,155465
"267",6,"VI  O'Higgins",61,"Cachapoal",6115,"Rengo",52721,53415,54074,54718,55343,55971,56631,57311,57988,58629,59265,59877,60486,61102,61700,62284,62827,63348,63820
"268",6,"VI  O'Higgins",61,"Cachapoal",6116,"Requínoa",22985,23359,23731,24128,24544,24997,25512,26090,26719,27446,28231,29137,30184,31405,32827,34479,36414,38682,41359
"269",7,"VII  Maule",74,"Linares",7405,"Retiro",19165,19237,19316,19376,19427,19479,19532,19585,19617,19661,19675,19694,19704,19706,19696,19688,19660,19631,19574
"270",5,"V  Valparaíso",53,"Los Andes",5303,"Rinconada",6934,7176,7401,7637,7881,8127,8382,8652,8926,9209,9490,9783,10084,10396,10703,11028,11347,11681,12013
"271",14,"XIV  Los Ríos",142,"Ranco",14204,"Río Bueno",33823,33717,33606,33520,33455,33421,33399,33378,33355,33323,33276,33223,33166,33115,33069,33010,32931,32861,32781
"272",7,"VII  Maule",71,"Talca",7108,"Río Claro",13167,13217,13266,13295,13340,13368,13401,13431,13468,13483,13502,13509,13513,13509,13505,13497,13475,13448,13423
"273",4,"IV  Coquimbo",43,"Limarí",4305,"Río Hurtado",4939,4945,4955,4942,4950,4958,4956,4963,4986,4987,4989,4997,4994,4992,4997,4992,4977,4974,4957
"274",11,"XI Aysén",114,"General Carrera",11402,"Río Ibáñez",2549,2530,2523,2512,2498,2479,2465,2453,2441,2424,2409,2385,2367,2347,2331,2315,2281,2262,2240
"275",10,"X  Los Lagos",103,"Osorno",10305,"Río Negro",15270,15225,15145,15050,14935,14805,14682,14562,14437,14296,14147,13987,13826,13674,13517,13350,13195,13028,12855
"276",12,"XII  Magallanes y la Antártica",121,"Magallanes",12103,"Río Verde",360,339,317,289,264,246,227,216,196,177,161,143,134,754,760,764,763,768,770
"277",7,"VII  Maule",73,"Curicó",7306,"Romeral",13175,13347,13495,13655,13807,13963,14118,14280,14431,14575,14718,14846,14983,15112,15234,15351,15459,15559,15663
"278",9,"IX   Araucanía",91,"Cautín",9116,"Saavedra",14546,14451,14348,14225,14101,13984,13862,13744,13616,13486,13360,13238,13104,12977,12840,12706,12571,12425,12289
"279",7,"VII  Maule",73,"Curicó",7307,"Sagrada Familia",18160,18301,18431,18548,18667,18780,18904,19017,19121,19215,19313,19392,19467,19537,19596,19655,19696,19734,19751
"280",4,"IV  Coquimbo",42,"Choapa",4204,"Salamanca",25402,25519,25644,25769,25902,26063,26214,26391,26557,26726,26891,27034,27181,27298,27410,27511,27605,27671,27738
"281",5,"V  Valparaíso",56,"San Antonio",5601,"San Antonio",90386,90996,91537,92055,92554,93020,93509,94035,94524,95011,95487,95941,96360,96764,97136,97481,97780,98054,98299
"282",13,"Región Metropolitana",134,"Maipo",13401,"San Bernardo",255908,258963,261881,264780,267734,270812,274063,277433,280767,284090,287439,290741,294019,297262,300435,303520,306505,309391,312169
"283",8,"VIII  Biobío",84,"Ñuble",8416,"San Carlos",51944,51901,51888,51882,51927,51999,52095,52219,52357,52506,52646,52778,52923,53085,53249,53406,53548,53692,53815
"284",7,"VII  Maule",71,"Talca",7109,"San Clemente",38629,38812,39004,39216,39455,39677,39934,40202,40465,40703,40937,41151,41366,41556,41746,41916,42067,42202,42303
"285",5,"V  Valparaíso",53,"Los Andes",5304,"San Esteban",14930,15201,15461,15726,15982,16251,16513,16791,17073,17353,17634,17916,18201,18480,18765,19043,19320,19588,19859
"286",8,"VIII  Biobío",84,"Ñuble",8417,"San Fabián",3782,3795,3808,3826,3841,3864,3883,3909,3939,3959,3985,4013,4030,4044,4070,4094,4120,4135,4146
"287",5,"V  Valparaíso",57,"San Felipe de Aconcagua",5701,"San Felipe",66461,67096,67693,68265,68825,69386,69950,70530,71104,71687,72249,72793,73326,73842,74337,74812,75259,75696,76103
"288",6,"VI  O'Higgins",63,"Colchagua",6301,"San Fernando",66091,66773,67419,68031,68618,69206,69799,70420,71034,71594,72129,72622,73105,73586,74030,74435,74788,75092,75329
"289",12,"XII  Magallanes y la Antártica",121,"Magallanes",12104,"San Gregorio",1170,1133,1075,1013,925,840,744,633,550,475,422,377,342,600,621,639,657,681,701
"290",8,"VIII  Biobío",84,"Ñuble",8418,"San Ignacio",16702,16667,16626,16569,16526,16477,16433,16378,16332,16274,16221,16152,16080,16019,15943,15877,15789,15709,15611
"291",7,"VII  Maule",74,"Linares",7406,"San Javier",39170,39399,39591,39777,39951,40123,40293,40459,40618,40742,40859,40950,41032,41099,41157,41181,41197,41188,41156
"292",13,"Región Metropolitana",131,"Santiago",13129,"San Joaquín",101231,101397,101512,101625,101765,101956,102219,102532,102835,103132,103439,103742,104040,104327,104588,104837,105054,105256,105409
"293",13,"Región Metropolitana",132,"Cordillera",13203,"San José  de Maipo",13876,13964,14045,14125,14204,14286,14372,14467,14557,14658,14749,14840,14922,15003,15083,15147,15209,15274,15329
"294",10,"X  Los Lagos",103,"Osorno",10306,"San Juan de la Costa",9152,9055,8919,8798,8660,8531,8397,8268,8150,8033,7900,7773,7646,7525,7410,7298,7174,7056,6941
"295",13,"Región Metropolitana",131,"Santiago",13130,"San Miguel",81788,83717,85626,87570,89578,91645,93812,96069,98334,100641,102987,105379,107797,110237,112686,115158,117619,120099,122562
"296",8,"VIII  Biobío",84,"Ñuble",8419,"San Nicolás",10105,10209,10315,10414,10523,10623,10726,10842,10941,11046,11152,11248,11348,11451,11544,11636,11726,11816,11895
"297",10,"X  Los Lagos",103,"Osorno",10307,"San Pablo",10537,10576,10610,10629,10622,10616,10605,10604,10606,10598,10576,10536,10510,10490,10462,10430,10398,10356,10318
"298",13,"Región Metropolitana",135,"Melipilla",13505,"San Pedro",7831,7958,8084,8208,8338,8469,8610,8753,8894,9041,9185,9332,9476,9621,9765,9907,10051,10186,10323
"299",8,"VIII  Biobío",81,"Concepción",8108,"San Pedro de  la Paz",83400,86442,89548,92723,96030,99446,102980,106645,110411,114270,118234,122261,126416,130703,135093,139570,144156,148811,153562
"300",2,"II  Antofagasta",22,"El Loa",2203,"San Pedro de Atacama",5155,5304,5446,5597,5752,5914,6076,6257,6432,6621,6809,7010,7212,7418,7626,7840,8052,8256,8476
"301",7,"VII  Maule",71,"Talca",7110,"San Rafael",7953,8103,8235,8382,8527,8662,8809,8948,9095,9238,9371,9511,9652,9782,9908,10045,10171,10295,10412
"302",13,"Región Metropolitana",131,"Santiago",13131,"San Ramón",98422,98472,98468,98464,98488,98546,98674,98847,99009,99157,99318,99475,99615,99749,99860,99940,100002,100023,100025
"303",8,"VIII  Biobío",83,"Biobío",8310,"San Rosendo",4070,4053,4057,4039,4027,4028,4010,4003,3991,3984,3975,3967,3956,3936,3916,3897,3882,3868,3843
"304",6,"VI  O'Higgins",61,"Cachapoal",6117,"San Vicente",41745,42228,42659,43089,43494,43903,44314,44746,45173,45568,45946,46287,46643,46985,47317,47613,47873,48112,48318
"305",8,"VIII  Biobío",83,"Biobío",8311,"Santa Bárbara",13417,13399,13369,13334,13297,13266,13227,13192,13161,13123,13075,13035,12985,12929,12884,12825,12767,12695,12623
"306",6,"VI  O'Higgins",63,"Colchagua",6310,"Santa Cruz",33587,33956,34289,34613,34929,35233,35550,35879,36202,36499,36786,37045,37303,37563,37810,38028,38222,38387,38517
"307",8,"VIII  Biobío",81,"Concepción",8109,"Santa Juana",13185,13234,13292,13337,13385,13436,13485,13525,13569,13608,13637,13667,13687,13705,13725,13740,13742,13743,13728
"308",5,"V  Valparaíso",57,"San Felipe de Aconcagua",5706,"Santa María",13281,13476,13662,13840,14019,14197,14380,14573,14755,14940,15128,15308,15484,15665,15836,16005,16171,16334,16489
"309",13,"Región Metropolitana",131,"Santiago",13101,"Santiago",208197,217618,227253,237180,247433,258186,269447,281142,293196,305528,318253,331325,344711,358332,372330,386471,400869,415398,430114
"310",5,"V  Valparaíso",56,"San Antonio",5606,"Santo Domingo",7687,7813,7942,8062,8174,8295,8417,8545,8672,8805,8926,9049,9177,9299,9432,9552,9673,9789,9906
"311",2,"II  Antofagasta",21,"Antofagasta",2103,"Sierra Gorda",2453,2493,2527,2580,2624,2669,2724,2774,2825,2879,2927,2984,3040,3095,3151,3205,3258,3314,3359
"312",13,"Región Metropolitana",136,"Talagante",13601,"Talagante",62020,62671,63288,63900,64521,65172,65850,66571,67269,67973,68674,69367,70043,70720,71378,72006,72600,73185,73748
"313",7,"VII  Maule",71,"Talca",7101,"Talca",209135,211299,213357,215387,217377,219304,221290,223314,225183,226989,228735,230303,231860,233339,234760,236037,237283,238380,239317
"314",8,"VIII  Biobío",81,"Concepción",8110,"Talcahuano",169665,170457,171184,171850,172541,173255,173956,174666,175336,175992,176568,177069,177567,178052,178500,178890,179207,179474,179670
"315",2,"II  Antofagasta",21,"Antofagasta",2104,"Taltal",11519,11621,11733,11839,11943,12050,12169,12292,12423,12551,12676,12807,12937,13050,13174,13296,13396,13509,13601
"316",9,"IX   Araucanía",91,"Cautín",9101,"Temuco",254273,257230,259962,262672,265180,267798,270371,273016,275577,278097,280613,283083,285487,287850,290234,292534,294734,296889,298974
"317",7,"VII  Maule",73,"Curicó",7308,"Teno",26540,26733,26923,27096,27262,27424,27595,27760,27917,28059,28185,28302,28397,28504,28591,28661,28729,28781,28809
"318",9,"IX   Araucanía",91,"Cautín",9117,"Teodoro Schmidt",16072,16114,16142,16161,16164,16171,16174,16190,16186,16189,16184,16174,16167,16163,16147,16125,16096,16061,16028
"319",3,"III  Atacama",31,"Copiapó",3103,"Tierra Amarilla",13365,13575,13791,14035,14297,14585,14899,15220,15557,15883,16212,16546,16867,17194,17530,17857,18190,18500,18816
"320",13,"Región Metropolitana",133,"Chacabuco",13303,"Tiltil",15302,15471,15644,15793,15965,16129,16315,16496,16689,16873,17058,17243,17423,17599,17773,17940,18104,18251,18409
"321",12,"XII  Magallanes y la Antártica",123,"Tierra del Fuego",12303,"Timaukel",425,399,370,340,319,297,277,263,242,223,218,199,191,384,398,408,412,426,431
"322",8,"VIII  Biobío",82,"Arauco",8207,"Tirúa",10022,10064,10096,10144,10173,10209,10246,10289,10330,10350,10378,10409,10433,10458,10477,10495,10505,10527,10528
"323",2,"II  Antofagasta",23,"Tocopilla",2301,"Tocopilla",24866,25069,25258,25433,25617,25810,26020,26239,26471,26697,26931,27155,27378,27590,27807,27996,28180,28348,28507
"324",9,"IX   Araucanía",91,"Cautín",9118,"Toltén",11632,11639,11637,11622,11618,11597,11586,11573,11548,11532,11512,11479,11455,11423,11391,11357,11319,11274,11232
"325",8,"VIII  Biobío",81,"Concepción",8111,"Tomé",54364,54526,54663,54773,54900,55020,55146,55277,55392,55495,55579,55645,55693,55752,55788,55814,55810,55802,55760
"326",12,"XII  Magallanes y la Antártica",124,"Última Esperanza",12402,"Torres del Paine",748,742,742,745,743,748,743,741,738,734,742,737,732,739,735,734,724,728,722
"327",11,"XI Aysén",113,"Capitán Prat",11303,"Tortel",518,527,535,541,552,563,577,585,603,616,631,650,649,651,659,677,681,692,702
"328",9,"IX   Araucanía",92,"Malleco",9210,"Traiguén",20251,20259,20246,20229,20203,20169,20143,20116,20074,20034,19993,19936,19892,19835,19771,19707,19640,19567,19473
"329",8,"VIII  Biobío",84,"Ñuble",8420,"Treguaco",5492,5485,5477,5463,5455,5441,5429,5421,5407,5392,5382,5357,5346,5318,5295,5277,5257,5238,5212
"330",8,"VIII  Biobío",83,"Biobío",8312,"Tucapel",13254,13348,13439,13520,13616,13709,13794,13888,13978,14068,14148,14226,14300,14378,14457,14523,14582,14647,14700
"331",14,"XIV  Los Ríos",141,"Valdivia",14101,"Valdivia",145688,147018,148435,149894,151525,153250,155106,156953,158807,160663,162446,164231,166048,167861,169735,171527,173341,175090,176840
"332",3,"III  Atacama",33,"Huasco",3301,"Vallenar",49787,49836,49934,50067,50283,50574,50906,51261,51631,51964,52265,52551,52824,53087,53338,53550,53747,53907,54046
"333",5,"V  Valparaíso",51,"Valparaíso",5101,"Valparaíso",286054,287201,288111,288969,289751,290437,291146,291911,292713,293367,294023,294589,295075,295489,295731,295927,296004,296007,295916
"334",7,"VII  Maule",73,"Curicó",7309,"Vichuquén",5101,5104,5115,5129,5135,5144,5142,5144,5155,5166,5163,5153,5146,5134,5127,5118,5096,5085,5066
"335",9,"IX   Araucanía",92,"Malleco",9211,"Victoria",34725,34807,34868,34905,34933,34956,34977,34991,35001,35004,34993,34985,34968,34950,34911,34869,34814,34762,34674
"336",4,"IV  Coquimbo",41,"Elqui",4106,"Vicuña",24895,25010,25122,25244,25372,25512,25649,25825,25988,26153,26295,26432,26561,26669,26781,26874,26948,27015,27069
"337",9,"IX   Araucanía",91,"Cautín",9119,"Vilcún",23314,23669,24010,24350,24679,25011,25340,25685,26017,26346,26682,27006,27349,27671,27996,28326,28638,28947,29264
"338",7,"VII  Maule",74,"Linares",7407,"Villa Alegre",15263,15301,15332,15343,15371,15384,15398,15401,15411,15413,15405,15389,15369,15350,15306,15274,15232,15179,15119
"339",5,"V  Valparaíso",58,"Marga Marga",5804,"Villa Alemana",99101,101836,104554,107337,110139,112989,115929,118975,122074,125228,128448,131704,134999,138348,141729,145139,148580,152035,155527
"340",9,"IX   Araucanía",91,"Cautín",9120,"Villarrica",47190,47847,48477,49082,49671,50270,50867,51471,52072,52670,53265,53850,54427,55002,55582,56139,56689,57231,57753
"341",5,"V  Valparaíso",51,"Valparaíso",5109,"Viña del Mar",297349,299711,301844,303915,305920,307849,309856,311958,314011,316031,318009,319907,321760,323530,325195,326760,328241,329616,330898
"342",13,"Región Metropolitana",131,"Santiago",13132,"Vitacura",84469,84778,85040,85295,85554,85840,86173,86536,86860,87175,87500,87792,88065,88323,88548,88739,88892,89004,89085
"343",7,"VII  Maule",74,"Linares",7408,"Yerbas Buenas",16725,16869,17003,17135,17269,17390,17522,17635,17762,17880,17966,18068,18160,18239,18313,18383,18448,18498,18542
"344",8,"VIII  Biobío",83,"Biobío",8313,"Yumbel",21253,21309,21344,21375,21411,21442,21469,21505,21534,21553,21574,21580,21594,21596,21593,21587,21569,21553,21523
"345",8,"VIII  Biobío",84,"Ñuble",8421,"Yungay",17442,17517,17589,17650,17715,17791,17855,17917,17993,18052,18103,18155,18206,18248,18293,18331,18354,18381,18399
"346",5,"V  Valparaíso",54,"Petorca",5405,"Zapallar",5865,5902,5937,5958,5986,6008,6035,6069,6093,6112,6141,6166,6185,6205,6223,6244,6256,6268,6274
